rowname,Df,SumOfSqs,R2,F,Pr(>F)
Habitat Type,5,0.09326751349442958,0.09812058316111573,1.1683449580611096,0.339
Orientation & Side,3,0.07386571662379013,0.07770923571553005,1.542170372040103,0.146
Cluster,4,0.29995463303505226,0.3155624333979442,4.696845530980414,0.001
Residual,11,0.17562324232413284,0.1847615992734604,NA,NA
Total,23,0.9505397388566543,1,NA,NA
