rowname,Df,SumOfSqs,R2,F,Pr(>F)
Habitat Type,5,0.036700059542916316,0.09818121190239797,1.037324440797988,0.422
Orientation & Side,3,0.044364904259387966,0.11868645774339909,2.08995117333575,0.027
Cluster,5,0.124622420433505,0.33339401681524905,3.522443401921652,0.001
Residual,10,0.07075907613761392,0.18929701844655192,NA,NA
Total,23,0.37379921098753477,1,NA,NA
