rowname,Df,SumOfSqs,R2,F,Pr(>F)
Habitat Type,5,0.03670005954291636,0.09818121190239808,1.0373244407979894,0.471
Orientation & Side,3,0.04436490425938805,0.11868645774339931,2.089951173335754,0.03
Cluster,5,0.12462242043350494,0.3333940168152489,3.52244340192165,0.001
Residual,10,0.07075907613761392,0.18929701844655192,NA,NA
Total,23,0.37379921098753477,1,NA,NA
