rowname,Df,SumOfSqs,R2,F,Pr(>F)
Habitat Type,5,0.038586965556069996,0.10693936223545761,1.1281947218755155,0.357
Orientation & Side,3,0.04222833699303269,0.11703100674596889,2.057766840113089,0.03
Cluster,5,0.12306213642971625,0.3410526377360228,3.5980557367483974,0.001
Residual,10,0.06840479716466474,0.18957607257314796,NA,NA
Total,23,0.36083033178288226,1,NA,NA
