rowname,Df,SumOfSqs,R2,F,Pr(>F)
Habitat Type,5,0.03917360060574013,0.10455658985959362,1.0902092199768574,0.383
Orientation & Side,3,0.040665804933742195,0.10853936891224882,1.8862292798809766,0.044
Cluster,5,0.12333206210941924,0.32918035705461646,3.4323562080414205,0.001
Residual,10,0.07186437224695585,0.19181013688696033,NA,NA
Total,23,0.3746640996836771,1,NA,NA
