rowname,Df,SumOfSqs,R2,F,Pr(>F)
Habitat Type,5,0.09326751349442972,0.09812058316111587,1.1683449580611123,0.318
Orientation & Side,3,0.07386571662379021,0.07770923571553014,1.542170372040106,0.155
Cluster,4,0.2999546330350522,0.31556243339794415,4.696845530980418,0.001
Residual,11,0.1756232423241327,0.18476159927346023,NA,NA
Total,23,0.9505397388566543,1,NA,NA
