rowname,Df,SumOfSqs,R2,F,Pr(>F)
Maximum Vertical Relief,1,0.052678017142738454,0.066486158246709,1.0982302092171552,0.341
Construction Group,1,0.014625276107764651,0.01845890324739934,0.30490745306845957,0.91
Residual,15,0.7194941921187262,0.9080904580211182,NA,NA
Total,17,0.7923155515658925,1,NA,NA
