rowname,Df,SumOfSqs,R2,F,Pr(>F)
Maximum Vertical Relief,1,0.01850406938939464,0.06047709052941005,0.998759603089962,0.418
Construction Group,1,0.008046171774104993,0.02629740780569192,0.4342931902376347,0.85
Residual,15,0.27790575427981007,0.9082829893545863,NA,NA
Total,17,0.30596824727201616,1,NA,NA
