rowname,Df,SumOfSqs,R2,F,Pr(>F)
Maximum Vertical Relief,1,0.01796318255746132,0.058919937261062996,0.9736220115516961,0.423
Construction Group,1,0.009471823448382377,0.031067949208963927,0.5133820674246873,0.789
Residual,15,0.2767477883254625,0.9077435066483376,NA,NA
Total,17,0.30487443457161006,1,NA,NA
