rowname,Df,SumOfSqs,R2,F,Pr(>F)
Maximum Vertical Relief,1,0.05267801714273823,0.06648615824670871,1.0982302092171505,0.327
Construction Group,1,0.014625276107764873,0.018458903247399617,0.30490745306846423,0.902
Residual,15,0.7194941921187262,0.9080904580211181,NA,NA
Total,17,0.7923155515658926,1,NA,NA
