rowname,Df,SumOfSqs,R2,F,Pr(>F)
Maximum Vertical Relief,1,0.017357265348175777,0.05620417019740093,0.9243993847702274,0.447
Construction Group,1,0.00829898570952603,0.026872758808922686,0.441980757349489,0.835
Residual,15,0.2816520483593275,0.9120111575697004,NA,NA
Total,17,0.30882522217147573,1,NA,NA
