rowname,Df,SumOfSqs,R2,F,Pr(>F)
Maximum Vertical Relief,1,0.017963182557461266,0.058919937261062816,0.9736220115516931,0.413
Construction Group,1,0.009471823448382488,0.03106794920896429,0.5133820674246933,0.774
Residual,15,0.2767477883254625,0.9077435066483376,NA,NA
Total,17,0.30487443457161006,1,NA,NA
