Habitat_Type,mean_sr_focal,sd_sr_focal,max_sr_focal,min_sr_focal,median_sr_focal
High Ecotone,4.25,1.810682586366652,8,0,4
High Relief,4.777777777777778,1.6232438618151726,7,2,5
Low Ecotone,4.027777777777778,1.6645224301988004,7,2,4
Low Relief,3.888888888888889,1.6865480854231356,8,1,4
Medium Ecotone,3.9166666666666665,1.6102351203650798,7,1,4
Medium Relief,4.777777777777778,1.5139562384902319,7,1,5
