Zone,mean_sr_focal,sd_sr_focal,max_sr_focal,min_sr_focal,median_sr_focal
Ecotone,3.9722222222222223,1.6432150690764358,8,0,4
Mid,4.462962962962963,1.6487090726056168,8,1,4
