Zone,mean_sr_focal,sd_sr_focal,max_sr_focal,min_sr_focal,median_sr_focal
Ecotone,4.064814814814815,1.6870764855778426,8,0,4
Mid,4.481481481481482,1.6490239621337353,8,1,4
