Block,mean_sr_all,sd_sr_all,max_sr_all,min_sr_all,mean_sr_focal,sd_sr_focal,max_sr_focal,min_sr_focal
2,5.194444444444445,1.5642331657478041,8,2,4.722222222222222,1.560423223013755,8,2
4,4.972222222222222,1.6815997674172585,7,2,4.722222222222222,1.5420044674960502,7,2
5,3.7777777777777777,1.9582953390437907,7,1,3.5277777777777777,1.8281311473916448,7,1
6,4.027777777777778,1.3832903034041928,7,2,3.75,1.4808298831591504,7,1
7,4.555555555555555,1.7311341360002688,8,1,4.055555555555555,1.5481684006675103,7,0
8,5.138888888888889,1.7752710501743956,9,2,4.861111111111111,1.6928889555647222,8,2
