cluster,mean_sr_all,sd_sr_all,max_sr_all,min_sr_all,mean_sr_focal,sd_sr_focal,max_sr_focal,min_sr_focal
Group 1,4,1.7135256673787986,7,1,3.7083333333333335,1.7498733490137657,7,0
Group 2,3.9583333333333335,1.7619903317209247,8,1,3.6666666666666665,1.705227673491055,8,1
Group 3,4.884615384615385,1.635489276890917,8,2,4.538461538461538,1.5005826374272933,8,2
Group 4,5.833333333333333,1.555487135879001,9,3,5.366666666666666,1.4015590662158888,7,3
Group 5,5.166666666666667,0.983192080250175,6,4,4.833333333333333,1.4719601443879744,6,3
Group 6,4.5,1.378404875209022,7,3,4.166666666666667,1.1690451944500122,6,3
