Habitat_Type,mean_sr_focal,sd_sr_focal,max_sr_focal,min_sr_focal,median_sr_focal
High Ecotone,4.194444444444445,1.7536809360305043,8,0,4
High Relief,4.777777777777778,1.6232438618151726,7,2,5
Low Ecotone,3.9722222222222223,1.6815997674172585,7,2,3.5
Low Relief,3.8333333333333335,1.7154757774032086,8,1,4
Medium Ecotone,3.861111111111111,1.6414763002993509,7,1,4
Medium Relief,4.722222222222222,1.4463967270647056,7,2,5
